,Rank,Title,Rating,ID,Year,Rated,Released,Runtime,Genre,Director,Writer,Actors,Plot,Language,Country,Awards,Poster,Ratings,Metascore,imdbVotes,Type,DVD,BoxOffice,Production,Website,Response
0,1,Pieces of a Woman,7.1,tt11161474,2020,R,07 Jan 2021,126 min,Drama,Kornél Mundruczó,Kata Wéber,"Vanessa Kirby, Shia LaBeouf, Ellen Burstyn, Iliza Shlesinger","When a young mother's home birth ends in unfathomable tragedy, she begins a year-long odyssey of mourning that fractures relationships with loved ones in this deeply personal story of a woman learning to live alongside her loss.",English,"Canada, Hungary, USA",2 wins & 28 nominations.,https://m.media-amazon.com/images/M/MV5BMGE3MzMzOTAtOTExMy00MzFiLWFjNDItN2ZiZmYyYjY2MWUwXkEyXkFqcGdeQXVyMTEyMjM2NDc2._V1_SX300.jpg,"[{'Source': 'Internet Movie Database', 'Value': '7.1/10'}, {'Source': 'Metacritic', 'Value': '66/100'}]",66,"13,523",movie,N/A,N/A,N/A,N/A,True
1,2,Soul,8.1,tt2948372,2020,PG,25 Dec 2020,100 min,"Animation, Adventure, Comedy, Family, Fantasy, Music","Pete Docter, Kemp Powers(co-director)","Pete Docter (story & screenplay by), Mike Jones (story & screenplay by), Kemp Powers (story & screenplay by)","Jamie Foxx, Tina Fey, Graham Norton, Rachel House","After landing the gig of a lifetime, a New York jazz pianist suddenly finds himself trapped in a strange land between Earth and the afterlife.",English,USA,37 wins & 28 nominations.,https://m.media-amazon.com/images/M/MV5BZGE1MDg5M2MtNTkyZS00MTY5LTg1YzUtZTlhZmM1Y2EwNmFmXkEyXkFqcGdeQXVyNjA3OTI0MDc@._V1_SX300.jpg,"[{'Source': 'Internet Movie Database', 'Value': '8.1/10'}, {'Source': 'Metacritic', 'Value': '83/100'}]",83,"146,576",movie,N/A,N/A,N/A,N/A,True
2,3,Wonder Woman 1984,5.4,tt7126948,2020,PG-13,25 Dec 2020,151 min,"Action, Adventure, Fantasy",Patty Jenkins,"Patty Jenkins (story by), Geoff Johns (story by), Patty Jenkins (screenplay by), Geoff Johns (screenplay by), Dave Callaham (screenplay by), William Moulton Marston (based on characters from DC Wonder Woman created by)","Gal Gadot, Chris Pine, Kristen Wiig, Pedro Pascal","Diana must contend with a work colleague and businessman, whose desire for extreme wealth sends the world down a path of destruction, after an ancient artifact that grants wishes goes missing.",English,"USA, UK, Spain",5 nominations.,https://m.media-amazon.com/images/M/MV5BNWY2NWE0NWEtZGUwMC00NWMwLTkyNzUtNmIxMmIyYzA0MjNiXkEyXkFqcGdeQXVyMTA2OTQ3MTUy._V1_SX300.jpg,"[{'Source': 'Internet Movie Database', 'Value': '5.5/10'}, {'Source': 'Rotten Tomatoes', 'Value': '70%'}, {'Source': 'Metacritic', 'Value': '60/100'}]",60,"129,163",movie,N/A,"$32,600,000","DC Comics, Warner Bros., DC Entertainment, Atlas Entertainment, The Stone Quarry",N/A,True
3,4,Tenet,7.5,tt6723592,2020,PG-13,03 Sep 2020,150 min,"Action, Sci-Fi, Thriller",Christopher Nolan,Christopher Nolan,"Juhan Ulfsak, Jefferson Hall, Ivo Uukkivi, Andrew Howard","Armed with only one word, Tenet, and fighting for the survival of the entire world, a Protagonist journeys through a twilight world of international espionage on a mission that will unfold in something beyond real time.","English, Russian, Ukrainian, Estonian, Norwegian","UK, USA",12 wins & 35 nominations.,https://m.media-amazon.com/images/M/MV5BYzg0NGM2NjAtNmIxOC00MDJmLTg5ZmYtYzM0MTE4NWE2NzlhXkEyXkFqcGdeQXVyMTA4NjE0NjEy._V1_SX300.jpg,"[{'Source': 'Internet Movie Database', 'Value': '7.5/10'}, {'Source': 'Rotten Tomatoes', 'Value': '70%'}, {'Source': 'Metacritic', 'Value': '69/100'}]",69,"262,974",movie,N/A,"$57,929,000","Syncopy, Warner Bros. Pictures",N/A,True
4,5,Cherry,0.0,tt9130508,2021,R,26 Feb 2021,N/A,"Crime, Drama","Anthony Russo, Joe Russo","Angela Russo-Otstot (screenplay by), Jessica Goldberg (screenplay by), Nico Walker (based on the novel by)","Tom Holland, Ciara Bravo, Kelli Berglund, Thomas Lennon",An Army medic suffering from post-traumatic stress disorder becomes a serial bank robber after an addiction to drugs puts him in debt.,English,USA,N/A,https://m.media-amazon.com/images/M/MV5BOWE1Njc4MzUtZWVhNy00YjVkLTgyY2MtYWY3OWI0NzE2MmZmXkEyXkFqcGdeQXVyMTEyODAwMDg0._V1_SX300.jpg,[],N/A,N/A,movie,N/A,N/A,N/A,N/A,True
5,6,Malcolm & Marie,0.0,tt12676326,2021,R,05 Feb 2021,106 min,"Drama, Romance",Sam Levinson,Sam Levinson,"Zendaya, John David Washington",A director and his girlfriend's relationship is tested after they return home from his movie premiere and await critics' responses.,English,USA,N/A,https://m.media-amazon.com/images/M/MV5BMmQzYmRiNDUtNjI5Ny00MTU1LTliNDMtNTdkY2Q3MmIxOTNkXkEyXkFqcGdeQXVyNjQ4Mzc3NDc@._V1_SX300.jpg,[],N/A,N/A,movie,N/A,N/A,N/A,N/A,True
6,7,Promising Young Woman,7.5,tt9620292,2020,R,25 Dec 2020,113 min,"Crime, Drama, Thriller",Emerald Fennell,Emerald Fennell,"Adam Brody, Ray Nicholson, Sam Richardson, Carey Mulligan","A young woman, traumatized by a tragic event in her past, seeks out vengeance against those who crossed her path.",English,"UK, USA",21 wins & 46 nominations.,https://m.media-amazon.com/images/M/MV5BZDViMzBiNGMtZTIyNS00NzI4LWE3NDMtNmM1NDk0NzBlMWRlXkEyXkFqcGdeQXVyMTA2MDU0NjM5._V1_SX300.jpg,"[{'Source': 'Internet Movie Database', 'Value': '7.4/10'}, {'Source': 'Metacritic', 'Value': '72/100'}]",72,"9,049",movie,N/A,"$2,865,375",N/A,N/A,True
7,8,Outside the Wire,5.4,tt10451914,2021,R,15 Jan 2021,114 min,"Action, Adventure, Fantasy, Sci-Fi",Mikael Håfström,"Rowan Athale, Rob Yescombe","Anthony Mackie, Emily Beecham, Pilou Asbæk, Damson Idris","In the near future, a drone pilot sent into a war zone finds himself paired with a top-secret android officer on a mission to stop a nuclear attack.",English,"USA, Hungary",N/A,https://m.media-amazon.com/images/M/MV5BNmM2MWQ0NzktNzU0OS00MjYzLTkxNDYtMzliNTA5ZmNkMmZlXkEyXkFqcGdeQXVyMDM2NDM2MQ@@._V1_SX300.jpg,"[{'Source': 'Internet Movie Database', 'Value': '7.9/10'}, {'Source': 'Metacritic', 'Value': '46/100'}]",46,16,movie,N/A,N/A,N/A,N/A,True
8,9,News of the World,6.9,tt6878306,2020,PG-13,25 Dec 2020,118 min,"Action, Adventure, Drama, Western",Paul Greengrass,"Paul Greengrass (screenplay by), Luke Davies (screenplay by), Paulette Jiles (based upon the novel by)","Tom Hanks, Helena Zengel, Tom Astor, Travis Johnson","A Civil War veteran agrees to deliver a girl, taken by the Kiowa people years ago, to her aunt and uncle, against her will. They travel hundreds of miles and face grave dangers as they search for a place that either can call home.",English,USA,18 nominations.,https://m.media-amazon.com/images/M/MV5BMDNlNmVlNDItMjE3Yi00ZTA3LWIyOTktNDhhMGFlZjk5ZDQ0XkEyXkFqcGdeQXVyMDM2NDM2MQ@@._V1_SX300.jpg,"[{'Source': 'Internet Movie Database', 'Value': '6.9/10'}, {'Source': 'Metacritic', 'Value': '74/100'}]",74,"5,128",movie,N/A,"$8,724,340",N/A,N/A,True
9,10,The Karate Kid,7.3,tt0087538,1984,PG,22 Jun 1984,126 min,"Action, Drama, Family, Sport",John G. Avildsen,Robert Mark Kamen,"Ralph Macchio, Pat Morita, Elisabeth Shue, Martin Kove",A martial arts master agrees to teach karate to a bullied teenager.,"English, Japanese",USA,Nominated for 1 Oscar. Another 2 wins & 2 nominations.,https://m.media-amazon.com/images/M/MV5BNTkzY2YzNmYtY2ViMS00MThiLWFlYTEtOWQ1OTBiOGEwMTdhXkEyXkFqcGdeQXVyMTQxNzMzNDI@._V1_SX300.jpg,"[{'Source': 'Internet Movie Database', 'Value': '7.3/10'}, {'Source': 'Rotten Tomatoes', 'Value': '89%'}, {'Source': 'Metacritic', 'Value': '60/100'}]",60,"191,033",movie,N/A,"$91,077,276",Columbia Pictures Corporation,N/A,True
10,11,We Can Be Heroes,4.7,tt10600398,2020,PG,25 Dec 2020,N/A,"Action, Comedy, Drama, Family, Fantasy",Robert Rodriguez,Robert Rodriguez,"Pedro Pascal, Priyanka Chopra, Christian Slater, Boyd Holbrook","When alien invaders kidnap Earth's superheroes, their children must team up and learn to work together if they want to save their parents and the world.",English,USA,N/A,https://m.media-amazon.com/images/M/MV5BYmU3OGFhZDItMjhlZi00YjQwLWJlOTItYzlhOGEwNGU3NjIwXkEyXkFqcGdeQXVyMTkxNjUyNQ@@._V1_SX300.jpg,[],N/A,N/A,movie,N/A,N/A,N/A,N/A,True
11,12,Lockdown,5.0,tt13061914,2021,R,01 Jan 2021,N/A,"Comedy, Romance",Doug Liman,Steven Knight,"Anne Hathaway, Chiwetel Ejiofor, Ben Stiller, Lucy Boynton","A couple attempt a high-risk, high-stakes jewellery heist at a department store.",English,UK,N/A,N/A,[],N/A,N/A,movie,N/A,N/A,N/A,N/A,True
12,13,Don't Look Up,0.0,tt11286314,2021,N/A,N/A,N/A,Comedy,Adam McKay,Adam McKay,"Leonardo DiCaprio, Jennifer Lawrence, Chris Evans, Timothée Chalamet",A pair of astronomers try to warn everyone on Earth that a giant meteorite will destroy the planet in six months.,N/A,USA,N/A,https://m.media-amazon.com/images/M/MV5BZmUwNzcyYmMtYmU0ZC00MzllLTgzZDgtZTBlYTM2MjQ3NzE5XkEyXkFqcGdeQXVyMTE2NzA0Ng@@._V1_SX300.jpg,[],N/A,N/A,movie,N/A,N/A,N/A,N/A,True
13,14,The King of Staten Island,7.1,tt9686708,2020,R,12 Jun 2020,136 min,"Comedy, Drama",Judd Apatow,"Judd Apatow, Pete Davidson, Dave Sirus","Pete Davidson, Bel Powley, Ricky Velez, Lou Wilson",Scott has been a case of arrested development since his firefighter dad died. He spends his days smoking weed and dreaming of being a tattoo artist until events force him to grapple with his grief and take his first steps forward in life.,English,"USA, Japan",13 nominations.,https://m.media-amazon.com/images/M/MV5BYzkxMzMzOTgtNmZhMS00MGM0LTk3MzUtMjE1MzI4MzU5ZjkzXkEyXkFqcGdeQXVyMDA4NzMyOA@@._V1_SX300.jpg,"[{'Source': 'Internet Movie Database', 'Value': '7.1/10'}, {'Source': 'Metacritic', 'Value': '67/100'}]",67,"30,519",movie,N/A,N/A,N/A,N/A,True
14,15,Mortal Kombat,0.0,tt0293429,2021,N/A,16 Apr 2021,N/A,"Action, Adventure, Fantasy, Sci-Fi, Thriller",Simon McQuoid,"Greg Russo (screenplay by), Dave Callaham (screenplay by), Oren Uziel (story by), Greg Russo (story by), Ed Boon (based on the videogame created by), John Tobias (based on the videogame created by)","Jessica McNamee, Hiroyuki Sanada, Tadanobu Asano, Ludi Lin",Feature film based on the popular video game.,English,"Australia, USA",N/A,https://m.media-amazon.com/images/M/MV5BY2VkZTcxM2QtMTYyNi00YzA5LTlmMWMtNDYzOTIxMzQ2MjczXkEyXkFqcGdeQXVyMTkxNjUyNQ@@._V1_SX300.jpg,[],N/A,N/A,movie,N/A,N/A,N/A,N/A,True
15,16,One Night in Miami,7.3,tt10612922,2020,R,08 Jan 2021,114 min,Drama,Regina King,"Kemp Powers (screenplay by), Kemp Powers (based on the stage play ""One Night In Miami..."" by)","Kingsley Ben-Adir, Eli Goree, Aldis Hodge, Leslie Odom Jr.","One Night in Miami is a fictional account of one incredible night where icons Muhammad Ali, Malcolm X, Sam Cooke, and Jim Brown gathered discussing their roles in the civil rights movement and cultural upheaval of the 60s.",English,USA,18 wins & 49 nominations.,https://m.media-amazon.com/images/M/MV5BYmJlYWQ0NWMtMzU5Ni00MDNhLTk2YmUtYWYzZTJhMDMxMzE0XkEyXkFqcGdeQXVyODE0OTU5Nzg@._V1_SX300.jpg,"[{'Source': 'Internet Movie Database', 'Value': '7.3/10'}, {'Source': 'Metacritic', 'Value': '83/100'}]",83,"6,830",movie,N/A,N/A,N/A,N/A,True
16,17,Barb and Star Go to Vista Del Mar,0.0,tt3797512,2021,N/A,16 Jul 2021,N/A,Comedy,Josh Greenbaum,"Annie Mumolo, Kristen Wiig","Kristen Wiig, Jamie Dornan, Wendi McLendon-Covey, Damon Wayans Jr.",A pair of best friends find themselves in over their heads.,English,USA,N/A,https://m.media-amazon.com/images/M/MV5BODI2ZmMyZjgtMjVlZi00ZTJmLThmZTQtMWFiOTUzNThkNjM3XkEyXkFqcGdeQXVyMjMxOTE0ODA@._V1_SX300.jpg,[],N/A,N/A,movie,N/A,N/A,N/A,N/A,True
17,18,The Midnight Sky,5.6,tt10539608,2020,PG-13,23 Dec 2020,118 min,"Drama, Fantasy, Sci-Fi, Thriller",George Clooney,"Lily Brooks-Dalton (based on the book 'Good Morning,  Midnight' by), Mark L. Smith (screenplay by)","George Clooney, Felicity Jones, David Oyelowo, Caoilinn Springall","This post-apocalyptic tale follows Augustine, a lonely scientist in the Arctic, as he races to stop Sully and her fellow astronauts from returning home to a mysterious global catastrophe.",English,USA,10 nominations.,https://m.media-amazon.com/images/M/MV5BNDQwYjJjODMtOWNmNC00NDJjLThiNDgtNzVkOTM1MjY5NDQ5XkEyXkFqcGdeQXVyMTEyMjM2NDc2._V1_SX300.jpg,"[{'Source': 'Internet Movie Database', 'Value': '5.6/10'}, {'Source': 'Metacritic', 'Value': '58/100'}]",58,"52,431",movie,N/A,N/A,N/A,N/A,True
18,19,Synchronic,6.2,tt9016974,2019,R,23 Oct 2020,102 min,"Drama, Horror, Sci-Fi","Justin Benson, Aaron Moorhead",Justin Benson,"Jamie Dornan, Anthony Mackie, Katie Aselton, Ally Ioannides","Two New Orleans paramedics' lives are ripped apart after they encounter a series of horrific deaths linked to a designer drug with bizarre, otherworldly effects.",English,USA,6 nominations.,https://m.media-amazon.com/images/M/MV5BYWVlNjUxNzctZTI3NC00MDMzLWFlMjAtYmI2NWE5ZWJhYjZmXkEyXkFqcGdeQXVyMTEyMjM2NDc2._V1_SX300.jpg,"[{'Source': 'Internet Movie Database', 'Value': '6.5/10'}, {'Source': 'Rotten Tomatoes', 'Value': '81%'}, {'Source': 'Metacritic', 'Value': '66/100'}]",66,"1,104",movie,N/A,"$636,673","Love &amp; Death Productions, Patriot Pictures, Rustic Films, Pfaff &amp; Pfaff Productions",N/A,True
19,20,Shadow in the Cloud,4.7,tt9691136,2020,R,01 Jan 2021,83 min,"Action, Horror, War",Roseanne Liang,"Max Landis, Roseanne Liang","Chloë Grace Moretz, Nick Robinson, Beulah Koale, Taylor John Smith",A female WWII pilot traveling with top secret documents on a B-17 Flying Fortress encounters an evil presence on board the flight.,English,"New Zealand, USA",1 win.,https://m.media-amazon.com/images/M/MV5BNWNiNGQyMzUtN2VmMi00NDI2LWI3NGUtMTEwZGQxYzFjZTNjXkEyXkFqcGdeQXVyMTEyNDk3MjY3._V1_SX300.jpg,"[{'Source': 'Internet Movie Database', 'Value': '4.7/10'}, {'Source': 'Metacritic', 'Value': '66/100'}]",66,"8,451",movie,N/A,"$40,000",N/A,N/A,True
20,21,Master,7.7,tt10579952,2021,Not Rated,14 Jan 2021,179 min,"Crime, Thriller",Lokesh Kanagaraj,"Lokesh Kanagaraj (Dialogue), Lokesh Kanagaraj (Screenplay), Lokesh Kanagaraj (Story), Lokesh Kanagaraj (dialogue), Lokesh Kanagaraj (screenplay), Lokesh Kanagaraj (story), Rathna Kumar (dialogue), Pon Parthiban (dialogue)","Malavika Mohanan, Joseph Vijay, Vijay Sethupathi, Andrea Jeremiah","An alcoholic professor who is sent to a juvenile school, where he clashes with a gangster, who uses the children of the school for criminal activities.","Tamil, Hindi",India,N/A,https://m.media-amazon.com/images/M/MV5BNmU1OTYzYzAtMDcyOS00MDI0LTg2ZmQtYTEyMDdmMmQ0MjY5XkEyXkFqcGdeQXVyOTk3NTc2MzE@._V1_SX300.jpg,"[{'Source': 'Internet Movie Database', 'Value': '7.7/10'}]",N/A,"39,912",movie,N/A,N/A,N/A,N/A,True
21,22,Fatale,4.9,tt8829830,2020,R,18 Dec 2020,102 min,Thriller,Deon Taylor,David Loughery,"Hilary Swank, Michael Ealy, Mike Colter, Damaris Lewis","After a one-night stand, a successful married man finds himself entangled in a cunning police detective's latest investigation.",English,USA,N/A,https://m.media-amazon.com/images/M/MV5BZmI2OThhMmYtZjVjOC00NWE3LWIwOGItMWM1MTEzMGNiOTM4XkEyXkFqcGdeQXVyMTEyMjM2NDc2._V1_SX300.jpg,"[{'Source': 'Internet Movie Database', 'Value': '4.9/10'}, {'Source': 'Metacritic', 'Value': '42/100'}]",42,"1,937",movie,N/A,"$4,824,263",N/A,N/A,True
22,23,Nomadland,7.7,tt9770150,2020,R,19 Feb 2021,108 min,Drama,Chloé Zhao,"Jessica Bruder (book), Chloé Zhao (screenplay by)","Frances McDormand, Gay DeForest, Patricia Grier, Linda May","After losing everything in the Great Recession, a woman embarks on a journey through the American West, living as a van-dwelling modern-day nomad.",English,"USA, Germany",82 wins & 59 nominations.,https://m.media-amazon.com/images/M/MV5BZTJjYTcwZjEtMzdmOS00OTVjLWEwM2UtYzEyN2I3N2VkYmY1XkEyXkFqcGdeQXVyMDM2NDM2MQ@@._V1_SX300.jpg,"[{'Source': 'Internet Movie Database', 'Value': '7.7/10'}, {'Source': 'Metacritic', 'Value': '96/100'}]",96,"6,661",movie,N/A,N/A,N/A,N/A,True
23,24,Another Round,7.8,tt10288566,2020,Not Rated,18 Dec 2020,117 min,"Comedy, Drama",Thomas Vinterberg,"Thomas Vinterberg (screenplay), Tobias Lindholm (screenplay)","Mads Mikkelsen, Thomas Bo Larsen, Magnus Millang, Lars Ranthe","Four friends, all high school teachers, test a theory that they will improve their lives by maintaining a constant level of alcohol in their blood.","Danish, Swedish","Denmark, Sweden, Netherlands",15 wins & 15 nominations.,https://m.media-amazon.com/images/M/MV5BOTNjM2Y2ZjgtMDc5NS00MDQ1LTgyNGYtYzYwMTAyNWQwYTMyXkEyXkFqcGdeQXVyMjE4NzUxNDA@._V1_SX300.jpg,"[{'Source': 'Internet Movie Database', 'Value': '7.8/10'}, {'Source': 'Metacritic', 'Value': '81/100'}]",81,"26,793",movie,N/A,N/A,N/A,N/A,True
24,25,Judas and the Black Messiah,0.0,tt9784798,2021,R,12 Feb 2021,126 min,"Biography, Drama, History",Shaka King,"Will Berson (Screenplay by), Shaka King (screenplay by), Keith Lucas (story by), Kenneth Lucas (story by)","Jesse Plemons, LaKeith Stanfield, Daniel Kaluuya, Martin Sheen","The story of Fred Hampton, Chairman of the Illinois Black Panther Party, and his fateful betrayal by FBI informant William O'Neal.",English,USA,N/A,https://m.media-amazon.com/images/M/MV5BYjNlZWZmYTUtOGMzNy00ODVlLWFjOGMtNjUwMmUwMWNiMjk5XkEyXkFqcGdeQXVyMTkxNjUyNQ@@._V1_SX300.jpg,[],N/A,N/A,movie,N/A,N/A,N/A,N/A,True
25,26,Wonder Woman,7.4,tt0451279,2017,PG-13,02 Jun 2017,141 min,"Action, Adventure, Fantasy, Sci-Fi, War",Patty Jenkins,"Allan Heinberg (screenplay by), Zack Snyder (story by), Allan Heinberg (story by), Jason Fuchs (story by), William Moulton Marston (Wonder Woman created by)","Gal Gadot, Chris Pine, Connie Nielsen, Robin Wright","When a pilot crashes and tells of conflict in the outside world, Diana, an Amazonian warrior in training, leaves home to fight a war, discovering her full powers and true destiny.","English, German, Dutch, French, Spanish, Chinese, Greek,  Ancient (to 1453), North American Indian","USA, UK",24 wins & 71 nominations.,https://m.media-amazon.com/images/M/MV5BMTYzODQzYjQtNTczNC00MzZhLTg1ZWYtZDUxYmQ3ZTY4NzA1XkEyXkFqcGdeQXVyODE5NzE3OTE@._V1_SX300.jpg,"[{'Source': 'Internet Movie Database', 'Value': '7.4/10'}, {'Source': 'Rotten Tomatoes', 'Value': '93%'}, {'Source': 'Metacritic', 'Value': '76/100'}]",76,"562,512",movie,N/A,"$412,815,408","Atlas Entertainment, Cruel and Unusual",N/A,True
26,27,The Gentlemen,7.8,tt8367814,2019,R,24 Jan 2020,113 min,"Action, Comedy, Crime",Guy Ritchie,"Guy Ritchie (story by), Ivan Atkinson (story by), Marn Davies (story by), Guy Ritchie (screenplay by)","Matthew McConaughey, Charlie Hunnam, Michelle Dockery, Jeremy Strong","An American expat tries to sell off his highly profitable marijuana empire in London, triggering plots, schemes, bribery and blackmail in an attempt to steal his domain out from under him.","English, Russian, Spanish, Chinese","UK, USA",N/A,https://m.media-amazon.com/images/M/MV5BMTlkMmVmYjktYTc2NC00ZGZjLWEyOWUtMjc2MDMwMjQwOTA5XkEyXkFqcGdeQXVyNTI4MzE4MDU@._V1_SX300.jpg,"[{'Source': 'Internet Movie Database', 'Value': '7.8/10'}, {'Source': 'Metacritic', 'Value': '51/100'}]",51,"228,837",movie,N/A,"$36,471,795",N/A,N/A,True
27,28,The Karate Kid Part III,5.3,tt0097647,1989,PG,30 Jun 1989,112 min,"Action, Drama, Family, Sport",John G. Avildsen,"Robert Mark Kamen (characters), Robert Mark Kamen","Ralph Macchio, Pat Morita, Robyn Lively, Thomas Ian Griffith","Ostracised villain John Kreese attempts to gain revenge on Daniel and Miyagi, with the help of a Vietnam War comrade, the wealthy owner of a toxic waste disposal business.",English,USA,5 nominations.,https://m.media-amazon.com/images/M/MV5BODk0NzA4MTMtNGQ3Zi00OTdlLThiZmQtOTI0YWEyNDFiMTg2XkEyXkFqcGdeQXVyNTUyMzE4Mzg@._V1_SX300.jpg,"[{'Source': 'Internet Movie Database', 'Value': '5.3/10'}, {'Source': 'Rotten Tomatoes', 'Value': '15%'}, {'Source': 'Metacritic', 'Value': '36/100'}]",36,"52,026",movie,N/A,"$38,956,288","Columbia Pictures Corporation, Weintraub Entertainment Group",N/A,True
28,29,Avengers: Endgame,8.4,tt4154796,2019,PG-13,26 Apr 2019,181 min,"Action, Adventure, Drama, Sci-Fi","Anthony Russo, Joe Russo","Christopher Markus (screenplay by), Stephen McFeely (screenplay by), Stan Lee (based on the Marvel comics by), Jack Kirby (based on the Marvel comics by), Joe Simon (Captain America created by), Jack Kirby (Captain America created by), Steve Englehart (Star-Lord created by), Steve Gan (Star-Lord created by), Bill Mantlo (Rocket Raccoon created by), Keith Giffen (Rocket Raccoon created by), Jim Starlin (Thanos,  Gamora & Drax created by), Stan Lee (Groot created by), Larry Lieber (Groot created by), Jack Kirby (Groot created by), Steve Englehart (Mantis created by), Don Heck (Mantis created by)","Robert Downey Jr., Chris Evans, Mark Ruffalo, Chris Hemsworth","After the devastating events of Avengers: Infinity War (2018), the universe is in ruins. With the help of remaining allies, the Avengers assemble once more in order to reverse Thanos' actions and restore balance to the universe.","English, Japanese, Xhosa, German",USA,Nominated for 1 Oscar. Another 68 wins & 102 nominations.,https://m.media-amazon.com/images/M/MV5BMTc5MDE2ODcwNV5BMl5BanBnXkFtZTgwMzI2NzQ2NzM@._V1_SX300.jpg,"[{'Source': 'Internet Movie Database', 'Value': '8.4/10'}, {'Source': 'Rotten Tomatoes', 'Value': '94%'}, {'Source': 'Metacritic', 'Value': '78/100'}]",78,"799,754",movie,N/A,"$858,373,000","Marvel Studios, Walt Disney Pictures",N/A,True
29,30,The Little Things,0.0,tt10016180,2021,R,29 Jan 2021,N/A,"Crime, Drama, Thriller",John Lee Hancock,John Lee Hancock,"Denzel Washington, Jared Leto, Rami Malek, Sofia Vassilieva",Two cops track down a serial killer.,English,USA,N/A,https://m.media-amazon.com/images/M/MV5BOGFlNTdmYWQtM2IzMi00YTY3LTlmMDQtZDI5NGQ5MjYzZmEwXkEyXkFqcGdeQXVyNjY1MTg4Mzc@._V1_SX300.jpg,[],N/A,N/A,movie,N/A,N/A,N/A,N/A,True
30,31,Run Hide Fight,7.1,tt11456054,2020,N/A,12 Feb 2021,109 min,Action,Kyle Rankin,Kyle Rankin,"Thomas Jane, Radha Mitchell, Isabel May, Eli Brown","17-year-old Zoe Hull uses her wits, survival skills, and compassion to fight for her life, and those of her fellow classmates, against a group of live-streaming school shooters.",English,USA,N/A,https://m.media-amazon.com/images/M/MV5BNDY3NzBjY2MtM2ExYi00MzY2LWE4NDAtOTNlZmVlN2E5ZjYwXkEyXkFqcGdeQXVyNjg2NzQ5Njg@._V1_SX300.jpg,"[{'Source': 'Internet Movie Database', 'Value': '7.7/10'}, {'Source': 'Metacritic', 'Value': '13/100'}]",13,87,movie,N/A,N/A,N/A,N/A,True
31,32,Horizon Line,4.7,tt5498354,2020,PG-13,12 Jan 2021,92 min,Thriller,Mikael Marcimain,"Josh Campbell, Matthew Stuecken","Alexander Dreymon, Allison Williams, Keith David, Pearl Mackie",A couple flying on a small plane to attend a tropical island wedding must fight for their lives after their pilot suffers a heart attack.,English,"Sweden, USA",N/A,https://m.media-amazon.com/images/M/MV5BMTE1YjYwZmItYWEzMS00MGM3LTlhYTQtOWIyM2Y1MmUzNzUyXkEyXkFqcGdeQXVyMTkxNjUyNQ@@._V1_SX300.jpg,"[{'Source': 'Internet Movie Database', 'Value': '5.2/10'}, {'Source': 'Rotten Tomatoes', 'Value': '20%'}]",N/A,349,movie,N/A,N/A,N/A,N/A,True
32,33,Sound of Metal,7.8,tt5363618,2019,R,04 Dec 2020,120 min,"Drama, Music",Darius Marder,"Darius Marder (screenplay by), Abraham Marder (screenplay by), Darius Marder (story by), Derek Cianfrance (story by)","Riz Ahmed, Olivia Cooke, Paul Raci, Lauren Ridloff",A heavy-metal drummer's life is thrown into freefall when he begins to lose his hearing.,"English, American Sign Language, French",USA,19 wins & 39 nominations.,https://m.media-amazon.com/images/M/MV5BNjcyYjg0M2ItMzMyZS00NmM1LTlhZDMtN2MxN2RhNWY4YTkwXkEyXkFqcGdeQXVyNjY1MTg4Mzc@._V1_SX300.jpg,"[{'Source': 'Internet Movie Database', 'Value': '7.8/10'}, {'Source': 'Rotten Tomatoes', 'Value': '97%'}, {'Source': 'Metacritic', 'Value': '81/100'}]",81,"19,182",movie,N/A,N/A,Caviar,N/A,True
33,34,365 Days,3.2,tt10886166,2020,TV-MA,07 Jun 2020,114 min,"Drama, Romance","Barbara Bialowas, Tomasz Mandes","Tomasz Klimala (screenplay by), Tomasz Mandes (screen story by), Barbara Bialowas (screen story by), Blanka Lipinska (screen story by), Blanka Lipinska (based on the novel by)","Anna Maria Sieklucka, Michele Morrone, Bronislaw Wroclawski, Otar Saralidze","Massimo is a member of the Sicilian Mafia family and Laura is a sales director. She does not expect that on a trip to Sicily trying to save her relationship, Massimo will kidnap her and give her 365 days to fall in love with him.","Polish, English, Italian",Poland,N/A,https://m.media-amazon.com/images/M/MV5BODljZTM3ODAtMDc0YS00NmI4LTlmZTUtM2I5MDAzNTQxZmMxXkEyXkFqcGdeQXVyMTEwMTY3NDI@._V1_SX300.jpg,"[{'Source': 'Internet Movie Database', 'Value': '3.3/10'}]",N/A,"47,000",movie,N/A,N/A,N/A,N/A,True
34,35,Parasite,8.6,tt6751668,2019,R,08 Nov 2019,132 min,"Comedy, Drama, Thriller",Bong Joon Ho,"Bong Joon Ho (story by), Bong Joon Ho (screenplay by), Jin-won Han (screenplay by)","Kang-ho Song, Lee Sun-kyun, Cho Yeo-jeong, Choi Woo-sik",Greed and class discrimination threaten the newly formed symbiotic relationship between the wealthy Park family and the destitute Kim clan.,"Korean, English",South Korea,Won 4 Oscars. Another 277 wins & 251 nominations.,https://m.media-amazon.com/images/M/MV5BYWZjMjk3ZTItODQ2ZC00NTY5LWE0ZDYtZTI3MjcwN2Q5NTVkXkEyXkFqcGdeQXVyODk4OTc3MTY@._V1_SX300.jpg,"[{'Source': 'Internet Movie Database', 'Value': '8.6/10'}, {'Source': 'Rotten Tomatoes', 'Value': '99%'}, {'Source': 'Metacritic', 'Value': '96/100'}]",96,"547,609",movie,N/A,"$53,369,749","CJ Entertainment, TMS Entertainment",N/A,True
35,36,Mulan,5.6,tt4566758,2020,PG-13,04 Sep 2020,115 min,"Action, Adventure, Drama, Family, Fantasy",Niki Caro,"Rick Jaffa (screenplay by), Amanda Silver (screenplay by), Lauren Hynek (screenplay by), Elizabeth Martin (screenplay by), Anonymous (suggested by: the narrative poem ""The Ballad of Mulan"")","Yifei Liu, Donnie Yen, Li Gong, Jet Li",A young Chinese maiden disguises herself as a male warrior in order to save her father.,English,"USA, Canada, Hong Kong",1 win & 6 nominations.,https://m.media-amazon.com/images/M/MV5BNDliY2E1MjUtNzZkOS00MzJlLTgyOGEtZDg4MTI1NzZkMTBhXkEyXkFqcGdeQXVyNjMwMzc3MjE@._V1_SX300.jpg,"[{'Source': 'Internet Movie Database', 'Value': '5.6/10'}, {'Source': 'Rotten Tomatoes', 'Value': '73%'}, {'Source': 'Metacritic', 'Value': '66/100'}]",66,"101,476",movie,N/A,N/A,Walt Disney Pictures,N/A,True
36,37,Knives Out,7.9,tt8946378,2019,PG-13,27 Nov 2019,130 min,"Comedy, Crime, Drama, Mystery, Thriller",Rian Johnson,Rian Johnson,"Daniel Craig, Chris Evans, Ana de Armas, Jamie Lee Curtis","A detective investigates the death of a patriarch of an eccentric, combative family.","English, Spanish, Hindi",USA,Nominated for 1 Oscar. Another 41 wins & 92 nominations.,https://m.media-amazon.com/images/M/MV5BMGUwZjliMTAtNzAxZi00MWNiLWE2NzgtZGUxMGQxZjhhNDRiXkEyXkFqcGdeQXVyNjU1NzU3MzE@._V1_SX300.jpg,"[{'Source': 'Internet Movie Database', 'Value': '7.9/10'}, {'Source': 'Rotten Tomatoes', 'Value': '97%'}, {'Source': 'Metacritic', 'Value': '82/100'}]",82,"444,345",movie,N/A,"$165,363,234","FilmNation Entertainment, Media Rights Capital",N/A,True
37,38,After We Collided,5.0,tt10362466,2020,R,23 Oct 2020,105 min,"Drama, Romance",Roger Kumble,"Anna Todd (screenplay by), Mario Celaya (screenplay by), Anna Todd (based on the novel by)","Josephine Langford, Hero Fiennes Tiffin, Dylan Sprouse, Louise Lombard","Based on the 2014 romance novel of the same name, this follows the love life of two young adults.","English, Chinese",USA,N/A,https://m.media-amazon.com/images/M/MV5BN2UyNGM3MDUtMTIzZi00ZDdkLThlYTktYjk0ZDMzM2JiMjMyXkEyXkFqcGdeQXVyNzE0MjkxMzA@._V1_SX300.jpg,"[{'Source': 'Internet Movie Database', 'Value': '5.0/10'}, {'Source': 'Metacritic', 'Value': '14/100'}]",14,"15,620",movie,N/A,"$2,386,483",N/A,N/A,True
38,39,The Wolf of Wall Street,8.2,tt0993846,2013,R,25 Dec 2013,180 min,"Biography, Crime, Drama",Martin Scorsese,"Terence Winter (screenplay), Jordan Belfort (book)","Leonardo DiCaprio, Jonah Hill, Margot Robbie, Matthew McConaughey","Based on the true story of Jordan Belfort, from his rise to a wealthy stock-broker living the high life to his fall involving crime, corruption and the federal government.","English, French",USA,Nominated for 5 Oscars. Another 38 wins & 173 nominations.,https://m.media-amazon.com/images/M/MV5BMjIxMjgxNTk0MF5BMl5BanBnXkFtZTgwNjIyOTg2MDE@._V1_SX300.jpg,"[{'Source': 'Internet Movie Database', 'Value': '8.2/10'}, {'Source': 'Rotten Tomatoes', 'Value': '80%'}, {'Source': 'Metacritic', 'Value': '75/100'}]",75,"1,178,628",movie,N/A,"$116,900,694","Appian Way, Emjag, Sikelia",N/A,True
39,40,Once Upon a Time... In Hollywood,7.6,tt7131622,2019,R,26 Jul 2019,161 min,"Comedy, Drama",Quentin Tarantino,Quentin Tarantino,"Leonardo DiCaprio, Brad Pitt, Margot Robbie, Emile Hirsch",A faded television actor and his stunt double strive to achieve fame and success in the final years of Hollywood's Golden Age in 1969 Los Angeles.,"English, Italian, Spanish, German","USA, UK, China",Won 2 Oscars. Another 136 wins & 339 nominations.,https://m.media-amazon.com/images/M/MV5BOTg4ZTNkZmUtMzNlZi00YmFjLTk1MmUtNWQwNTM0YjcyNTNkXkEyXkFqcGdeQXVyNjg2NjQwMDQ@._V1_SX300.jpg,"[{'Source': 'Internet Movie Database', 'Value': '7.6/10'}, {'Source': 'Rotten Tomatoes', 'Value': '85%'}, {'Source': 'Metacritic', 'Value': '83/100'}]",83,"542,210",movie,N/A,"$142,502,728","Columbia Pictures, Bona Film Group, Heyday Films",N/A,True
40,41,Dune,0.0,tt1160419,2021,PG-13,01 Oct 2021,N/A,"Adventure, Drama, Sci-Fi",Denis Villeneuve,"Frank Herbert (novel), Jon Spaihts (screenplay by), Denis Villeneuve (screenplay by), Eric Roth (screenplay by)","Zendaya, Rebecca Ferguson, Timothée Chalamet, Jason Momoa","Feature adaptation of Frank Herbert's science fiction novel, about the son of a noble family entrusted with the protection of the most valuable asset and most vital element in the galaxy.",English,"Canada, Hungary, USA",N/A,https://m.media-amazon.com/images/M/MV5BMGFkZGY0NTgtMGEyZC00YzhjLTkyOWItYzMzOTljMDA3ZjU2XkEyXkFqcGdeQXVyNzc4NTU3Njg@._V1_SX300.jpg,[],N/A,N/A,movie,N/A,N/A,N/A,N/A,True
41,42,Monster Hunter,5.3,tt6475714,2020,PG-13,18 Dec 2020,99 min,"Action, Adventure, Fantasy",Paul W.S. Anderson,"Paul W.S. Anderson, Kaname Fujioka (video game series)","Milla Jovovich, Tony Jaa, T.I., Meagan Good","When Lt. Artemis and her loyal soldiers are transported to a new world, they engage in a desperate battle for survival against enormous enemies with incredible powers. Feature film based on the video game by Capcom.",English,"China, Germany, Japan, USA",N/A,https://m.media-amazon.com/images/M/MV5BOGU3NTFmNjYtODc3Ny00MWEzLWI3M2ItZjE3NDgwMTI0MzkzXkEyXkFqcGdeQXVyMTEyMjM2NDc2._V1_SX300.jpg,"[{'Source': 'Internet Movie Database', 'Value': '5.3/10'}, {'Source': 'Metacritic', 'Value': '44/100'}]",44,"3,806",movie,N/A,"$9,264,851",N/A,N/A,True
42,43,Run,6.7,tt8633478,2020,PG-13,20 Nov 2020,90 min,"Horror, Mystery, Thriller",Aneesh Chaganty,"Aneesh Chaganty, Sev Ohanian","Sarah Paulson, Kiera Allen, Sara Sohn, Pat Healy",A homeschooled teenager begins to suspect her mother is keeping a dark secret from her.,English,"USA, Canada",2 wins & 2 nominations.,https://m.media-amazon.com/images/M/MV5BMDcwOWVkZTEtNjJhMy00MGI0LWI3NmYtOGY5NWYxZTQ0YTE5XkEyXkFqcGdeQXVyMjkwOTAyMDU@._V1_SX300.jpg,"[{'Source': 'Internet Movie Database', 'Value': '6.7/10'}, {'Source': 'Metacritic', 'Value': '67/100'}]",67,"17,161",movie,N/A,N/A,N/A,N/A,True
43,44,Captain Marvel,6.9,tt4154664,2019,PG-13,08 Mar 2019,123 min,"Action, Adventure, Sci-Fi","Anna Boden, Ryan Fleck","Anna Boden (screenplay by), Ryan Fleck (screenplay by), Geneva Robertson-Dworet (screenplay by), Nicole Perlman (story by), Meg LeFauve (story by), Anna Boden (story by), Ryan Fleck (story by), Geneva Robertson-Dworet (story by)","Brie Larson, Samuel L. Jackson, Ben Mendelsohn, Jude Law",Carol Danvers becomes one of the universe's most powerful heroes when Earth is caught in the middle of a galactic war between two alien races.,English,"USA, Australia",8 wins & 48 nominations.,https://m.media-amazon.com/images/M/MV5BMTE0YWFmOTMtYTU2ZS00ZTIxLWE3OTEtYTNiYzBkZjViZThiXkEyXkFqcGdeQXVyODMzMzQ4OTI@._V1_SX300.jpg,"[{'Source': 'Internet Movie Database', 'Value': '6.9/10'}, {'Source': 'Rotten Tomatoes', 'Value': '79%'}, {'Source': 'Metacritic', 'Value': '64/100'}]",64,"437,802",movie,N/A,"$426,829,839",Marvel Studios,N/A,True
44,45,The Godfather,9.2,tt0068646,1972,R,24 Mar 1972,175 min,"Crime, Drama",Francis Ford Coppola,"Mario Puzo (screenplay by), Francis Ford Coppola (screenplay by), Mario Puzo (based on the novel by)","Marlon Brando, Al Pacino, James Caan, Richard S. Castellano",An organized crime dynasty's aging patriarch transfers control of his clandestine empire to his reluctant son.,"English, Italian, Latin",USA,Won 3 Oscars. Another 26 wins & 30 nominations.,https://m.media-amazon.com/images/M/MV5BM2MyNjYxNmUtYTAwNi00MTYxLWJmNWYtYzZlODY3ZTk3OTFlXkEyXkFqcGdeQXVyNzkwMjQ5NzM@._V1_SX300.jpg,"[{'Source': 'Internet Movie Database', 'Value': '9.2/10'}, {'Source': 'Rotten Tomatoes', 'Value': '98%'}, {'Source': 'Metacritic', 'Value': '100/100'}]",100,"1,612,983",movie,N/A,"$134,966,411",Paramount Pictures,N/A,True
45,46,Bliss,0.0,tt10333426,2021,R,05 Feb 2021,N/A,"Drama, Sci-Fi",Mike Cahill,Mike Cahill,"Salma Hayek, Madeline Zima, Owen Wilson, Nesta Cooper","A mind-bending love story following Greg who, after recently being divorced and then fired, meets the mysterious Isabel, a woman living on the streets and convinced that the polluted, broken world around them is a computer simulation.",English,USA,1 win.,https://m.media-amazon.com/images/M/MV5BYmFjNWY5NjQtMTJiNC00NjFlLWIxMGQtNzhmMmQ0MjhiZjQyXkEyXkFqcGdeQXVyMTEyMjM2NDc2._V1_SX300.jpg,"[{'Source': 'Rotten Tomatoes', 'Value': '86%'}]",N/A,N/A,movie,N/A,N/A,Channel 83 Films,N/A,True
46,47,The Trial of the Chicago 7,7.8,tt1070874,2020,R,16 Oct 2020,129 min,"Drama, History, Thriller",Aaron Sorkin,Aaron Sorkin,"Eddie Redmayne, Alex Sharp, Sacha Baron Cohen, Jeremy Strong","The story of 7 people on trial stemming from various charges surrounding the uprising at the 1968 Democratic National Convention in Chicago, Illinois.",English,"USA, UK, India",10 wins & 37 nominations.,https://m.media-amazon.com/images/M/MV5BYjYzOGE1MjUtODgyMy00ZDAxLTljYTgtNzk0Njg2YWQwMTZhXkEyXkFqcGdeQXVyMDM2NDM2MQ@@._V1_SX300.jpg,"[{'Source': 'Internet Movie Database', 'Value': '7.8/10'}, {'Source': 'Metacritic', 'Value': '77/100'}]",77,"81,455",movie,N/A,N/A,N/A,N/A,True
47,48,Mank,7.1,tt10618286,2020,R,04 Dec 2020,131 min,"Biography, Comedy, Drama",David Fincher,Jack Fincher (screen play by),"Gary Oldman, Amanda Seyfried, Lily Collins, Tom Pelphrey",1930's Hollywood is reevaluated through the eyes of scathing social critic and alcoholic screenwriter Herman J. Mankiewicz as he races to finish the screenplay of Citizen Kane (1941).,"English, German, Latin",USA,16 wins & 78 nominations.,https://m.media-amazon.com/images/M/MV5BZTllMjI0ZGYtM2FmZC00ZmY4LTlkNTYtZThlOWQ1OGQyZTA3XkEyXkFqcGdeQXVyMDM2NDM2MQ@@._V1_SX300.jpg,"[{'Source': 'Internet Movie Database', 'Value': '7.1/10'}, {'Source': 'Metacritic', 'Value': '79/100'}]",79,"32,165",movie,N/A,N/A,N/A,N/A,True
48,49,The Karate Kid Part II,6.1,tt0091326,1986,PG,20 Jun 1986,113 min,"Action, Family, Sport",John G. Avildsen,"Robert Mark Kamen, Robert Mark Kamen (characters created by)","Pat Morita, Ralph Macchio, Pat E. Johnson, Bruce Malmuth","Daniel accompanies his mentor, Mr. Miyagi, to Miyagi's childhood home in Okinawa. Miyagi visits his dying father and confronts his old rival, while Daniel falls in love and inadvertently makes a new rival of his own.",English,USA,Nominated for 1 Oscar. Another 4 wins & 2 nominations.,https://m.media-amazon.com/images/M/MV5BY2E3YjliMWEtYzlmOC00NmU5LWE4NGItNmIyZmNkZjkwNTA0XkEyXkFqcGdeQXVyMTQxNzMzNDI@._V1_SX300.jpg,"[{'Source': 'Internet Movie Database', 'Value': '6.1/10'}, {'Source': 'Rotten Tomatoes', 'Value': '45%'}, {'Source': 'Metacritic', 'Value': '55/100'}]",55,"76,552",movie,N/A,"$115,103,979",Columbia Pictures Corporation,N/A,True
49,50,1917,8.3,tt8579674,2019,R,10 Jan 2020,119 min,"Drama, Thriller, War",Sam Mendes,"Sam Mendes, Krysty Wilson-Cairns","Dean-Charles Chapman, George MacKay, Daniel Mays, Colin Firth","April 6th, 1917. As a regiment assembles to wage war deep in enemy territory, two soldiers are assigned to race against time and deliver a message that will stop 1,600 men from walking straight into a deadly trap.","English, French, German","USA, UK, India, Spain, Canada, China",Won 3 Oscars. Another 107 wins & 168 nominations.,https://m.media-amazon.com/images/M/MV5BOTdmNTFjNDEtNzg0My00ZjkxLTg1ZDAtZTdkMDc2ZmFiNWQ1XkEyXkFqcGdeQXVyNTAzNzgwNTg@._V1_SX300.jpg,"[{'Source': 'Internet Movie Database', 'Value': '8.3/10'}, {'Source': 'Rotten Tomatoes', 'Value': '89%'}, {'Source': 'Metacritic', 'Value': '78/100'}]",78,"416,038",movie,N/A,"$159,227,644","Neal Street Productions, Amblin Entertainment",N/A,True
50,51,Harry Potter and the Sorcerer's Stone,7.6,tt0241527,2001,PG,16 Nov 2001,152 min,"Adventure, Family, Fantasy",Chris Columbus,"J.K. Rowling (novel), Steve Kloves (screenplay)","Richard Harris, Maggie Smith, Robbie Coltrane, Saunders Triplets","An orphaned boy enrolls in a school of wizardry, where he learns the truth about himself, his family and the terrible evil that haunts the magical world.",English,"UK, USA",Nominated for 3 Oscars. Another 17 wins & 65 nominations.,https://m.media-amazon.com/images/M/MV5BNjQ3NWNlNmQtMTE5ZS00MDdmLTlkZjUtZTBlM2UxMGFiMTU3XkEyXkFqcGdeQXVyNjUwNzk3NDc@._V1_SX300.jpg,"[{'Source': 'Internet Movie Database', 'Value': '7.6/10'}, {'Source': 'Rotten Tomatoes', 'Value': '81%'}, {'Source': 'Metacritic', 'Value': '64/100'}]",64,"653,363",movie,N/A,"$318,087,620","1492 Pictures, Heyday Films, Warner Brothers",N/A,True
51,52,The Lord of the Rings: The Fellowship of the Ring,8.8,tt0120737,2001,PG-13,19 Dec 2001,178 min,"Action, Adventure, Drama, Fantasy",Peter Jackson,"J.R.R. Tolkien (novel), Fran Walsh (screenplay), Philippa Boyens (screenplay), Peter Jackson (screenplay)","Alan Howard, Noel Appleby, Sean Astin, Sala Baker",A meek Hobbit from the Shire and eight companions set out on a journey to destroy the powerful One Ring and save Middle-earth from the Dark Lord Sauron.,"English, Sindarin","New Zealand, USA",Won 4 Oscars. Another 115 wins & 125 nominations.,https://m.media-amazon.com/images/M/MV5BN2EyZjM3NzUtNWUzMi00MTgxLWI0NTctMzY4M2VlOTdjZWRiXkEyXkFqcGdeQXVyNDUzOTQ5MjY@._V1_SX300.jpg,"[{'Source': 'Internet Movie Database', 'Value': '8.8/10'}, {'Source': 'Rotten Tomatoes', 'Value': '91%'}, {'Source': 'Metacritic', 'Value': '92/100'}]",92,"1,654,348",movie,N/A,"$315,544,750","New Line Cinema, WingNut Films, Saul Zaentz Company",N/A,True
52,53,Greenland,6.4,tt7737786,2020,PG-13,18 Dec 2020,119 min,"Action, Drama, Thriller",Ric Roman Waugh,Chris Sparling,"Gerard Butler, Morena Baccarin, Roger Dale Floyd, Scott Glenn",A family struggles for survival in the face of a cataclysmic natural disaster.,English,"USA, UK",N/A,https://m.media-amazon.com/images/M/MV5BMzcyMzU4MDUtM2JhOC00ZDg2LTg5MGMtZjc2OGMyMjhlMGE2XkEyXkFqcGdeQXVyMTkxNjUyNQ@@._V1_SX300.jpg,"[{'Source': 'Internet Movie Database', 'Value': '6.4/10'}, {'Source': 'Metacritic', 'Value': '60/100'}]",60,"42,539",movie,N/A,N/A,N/A,N/A,True
53,54,Ma Rainey's Black Bottom,7.1,tt10514222,2020,R,18 Dec 2020,94 min,"Drama, Music",George C. Wolfe,"Ruben Santiago-Hudson (screenplay by), August Wilson (based on the play written by)","Viola Davis, Chadwick Boseman, Colman Domingo, Glynn Turman","Chicago, 1927. A recording session. Tensions rise between Ma Rainey, her ambitious horn player and the white management determined to control the uncontrollable ""Mother of the Blues"". Based on Pulitzer Prize winner August Wilson's play.",English,USA,16 wins & 57 nominations.,https://m.media-amazon.com/images/M/MV5BNTBlZGY1OTAtN2RjMC00ZThiLWFiZmUtN2VkOGMxNmMyYjQwXkEyXkFqcGdeQXVyMDM2NDM2MQ@@._V1_SX300.jpg,"[{'Source': 'Internet Movie Database', 'Value': '7.1/10'}, {'Source': 'Metacritic', 'Value': '87/100'}]",87,"17,847",movie,N/A,N/A,N/A,N/A,True
54,55,The Devil All the Time,7.1,tt7395114,2020,R,16 Sep 2020,138 min,"Crime, Drama, Thriller",Antonio Campos,"Antonio Campos (screenplay by), Paulo Campos (screenplay by), Donald Ray Pollock (based on the novel by)","Donald Ray Pollock, Bill Skarsgård, Tom Holland, Michael Banks Repeta",Sinister characters converge around a young man devoted to protecting those he loves in a postwar backwoods town teeming with corruption and brutality.,English,USA,3 nominations.,https://m.media-amazon.com/images/M/MV5BZmE1NmVmN2EtMjZmZC00YzAyLWE4MWEtYjY5YmExMjUxODU1XkEyXkFqcGdeQXVyMTkxNjUyNQ@@._V1_SX300.jpg,"[{'Source': 'Internet Movie Database', 'Value': '7.1/10'}, {'Source': 'Metacritic', 'Value': '55/100'}]",55,"87,018",movie,N/A,N/A,N/A,N/A,True
55,56,The Dissident,8.2,tt11382384,2020,PG-13,08 Jan 2021,119 min,"Documentary, Crime, Thriller",Bryan Fogel,"Bryan Fogel, Mark Monroe","Omar Abdulaziz, Fahrettin Altun, John O. Brennan, Hatice Cengiz","When Washington Post journalist Jamal Khashoggi disappears in Istanbul, his fiancée and dissidents around the world piece together the clues to a murder and expose a global cover up.","Arabic, Turkish, English",USA,3 nominations.,https://m.media-amazon.com/images/M/MV5BNjJlOWUwODAtYWQ3My00MTBjLWIyYjgtZGFiNDRlYjc5NWUyXkEyXkFqcGdeQXVyMDM2NDM2MQ@@._V1_SX300.jpg,"[{'Source': 'Internet Movie Database', 'Value': '8.2/10'}, {'Source': 'Metacritic', 'Value': '82/100'}]",82,"7,880",movie,N/A,"$57,000",N/A,N/A,True
56,57,Catch Me If You Can,8.1,tt0264464,2002,PG-13,25 Dec 2002,141 min,"Biography, Crime, Drama",Steven Spielberg,"Jeff Nathanson (screenplay), Frank Abagnale Jr. (book), Stan Redding (book)","Leonardo DiCaprio, Tom Hanks, Christopher Walken, Martin Sheen","Barely 21 yet, Frank is a skilled forger who has passed as a doctor, lawyer and pilot. FBI agent Carl becomes obsessed with tracking down the con man, who only revels in the pursuit.","English, French","USA, Canada",Nominated for 2 Oscars. Another 16 wins & 44 nominations.,https://m.media-amazon.com/images/M/MV5BMTY5MzYzNjc5NV5BMl5BanBnXkFtZTYwNTUyNTc2._V1_SX300.jpg,"[{'Source': 'Internet Movie Database', 'Value': '8.1/10'}, {'Source': 'Rotten Tomatoes', 'Value': '96%'}, {'Source': 'Metacritic', 'Value': '75/100'}]",75,"829,086",movie,N/A,"$164,615,351","Amblin Entertainment, DreamWorks SKG, Parkes/MacDonald, Splendid Pictures",N/A,True
57,58,The Shawshank Redemption,9.3,tt0111161,1994,R,14 Oct 1994,142 min,Drama,Frank Darabont,"Stephen King (short story ""Rita Hayworth and Shawshank Redemption""), Frank Darabont (screenplay)","Tim Robbins, Morgan Freeman, Bob Gunton, William Sadler","Two imprisoned men bond over a number of years, finding solace and eventual redemption through acts of common decency.",English,USA,Nominated for 7 Oscars. Another 21 wins & 36 nominations.,https://m.media-amazon.com/images/M/MV5BMDFkYTc0MGEtZmNhMC00ZDIzLWFmNTEtODM1ZmRlYWMwMWFmXkEyXkFqcGdeQXVyMTMxODk2OTU@._V1_SX300.jpg,"[{'Source': 'Internet Movie Database', 'Value': '9.3/10'}, {'Source': 'Rotten Tomatoes', 'Value': '91%'}, {'Source': 'Metacritic', 'Value': '80/100'}]",80,"2,338,688",movie,N/A,"$28,699,976","Columbia Pictures, Castle Rock Entertainment",N/A,True
58,59,The Croods: A New Age,7.0,tt2850386,2020,PG,25 Nov 2020,95 min,"Animation, Adventure, Comedy, Family, Fantasy",Joel Crawford,"Kevin Hageman (screenplay by), Dan Hageman (screenplay by), Paul Fisher (screenplay by), Bob Logan (screenplay by), Kirk DeMicco (story by), Chris Sanders (story by)","Nicolas Cage, Emma Stone, Ryan Reynolds, Catherine Keener","The prehistoric family the Croods are challenged by a rival family the Bettermans, who claim to be better and more evolved.",English,USA,7 nominations.,https://m.media-amazon.com/images/M/MV5BNGU1NGNiYzYtMTQ2Ni00M2ZlLTg0N2QtMDFhMzNjNzcyMGYyXkEyXkFqcGdeQXVyMDM2NDM2MQ@@._V1_SX300.jpg,"[{'Source': 'Internet Movie Database', 'Value': '7.0/10'}, {'Source': 'Rotten Tomatoes', 'Value': '76%'}, {'Source': 'Metacritic', 'Value': '56/100'}]",56,"12,721",movie,N/A,"$37,249,465",DreamWorks Animation,N/A,True
59,60,The Girl with the Dragon Tattoo,7.8,tt1568346,2011,R,21 Dec 2011,158 min,"Crime, Drama, Mystery, Thriller",David Fincher,"Steven Zaillian (screenplay by), Stieg Larsson (novel)","Daniel Craig, Rooney Mara, Christopher Plummer, Stellan Skarsgård","Journalist Mikael Blomkvist is aided in his search for a woman who has been missing for forty years by Lisbeth Salander, a young computer hacker.","English, Swedish","USA, Sweden, Norway",Won 1 Oscar. Another 26 wins & 91 nominations.,https://m.media-amazon.com/images/M/MV5BMTczNDk4NTQ0OV5BMl5BanBnXkFtZTcwNDAxMDgxNw@@._V1_SX300.jpg,"[{'Source': 'Internet Movie Database', 'Value': '7.8/10'}, {'Source': 'Rotten Tomatoes', 'Value': '87%'}, {'Source': 'Metacritic', 'Value': '71/100'}]",71,"421,002",movie,N/A,"$102,515,793","Scott Rudin Productions, Yellow Bird",N/A,True
60,61,Army of the Dead,0.0,tt0993840,2021,N/A,N/A,N/A,"Action, Horror, Sci-Fi, Thriller",Zack Snyder,"Zack Snyder (screenplay by), Shay Hatten (screenplay by), Zack Snyder (story by), Joby Harold (screenplay)","Dave Bautista, Ella Purnell, Ana de la Reguera, Garret Dillahunt","Following a zombie outbreak in Las Vegas, a group of mercenaries take the ultimate gamble, venturing into the quarantine zone to pull off the greatest heist ever attempted.",English,USA,N/A,https://m.media-amazon.com/images/M/MV5BYWM2MDMxNTUtODlmMC00N2JhLTg3ZTMtMDFkYTYzOWQyNTgzXkEyXkFqcGdeQXVyODEwMTc2ODQ@._V1_SX300.jpg,[],N/A,N/A,movie,N/A,N/A,N/A,N/A,True
61,62,Interstellar,8.6,tt0816692,2014,PG-13,07 Nov 2014,169 min,"Adventure, Drama, Sci-Fi",Christopher Nolan,"Jonathan Nolan, Christopher Nolan","Ellen Burstyn, Matthew McConaughey, Mackenzie Foy, John Lithgow",A team of explorers travel through a wormhole in space in an attempt to ensure humanity's survival.,English,"USA, UK, Canada",Won 1 Oscar. Another 43 wins & 148 nominations.,https://m.media-amazon.com/images/M/MV5BZjdkOTU3MDktN2IxOS00OGEyLWFmMjktY2FiMmZkNWIyODZiXkEyXkFqcGdeQXVyMTMxODk2OTU@._V1_SX300.jpg,"[{'Source': 'Internet Movie Database', 'Value': '8.6/10'}, {'Source': 'Rotten Tomatoes', 'Value': '72%'}, {'Source': 'Metacritic', 'Value': '74/100'}]",74,"1,502,526",movie,N/A,"$188,020,017","Syncopy, Lynda Obst Productions",N/A,True
62,63,The Dark Knight,9.0,tt0468569,2008,PG-13,18 Jul 2008,152 min,"Action, Crime, Drama, Thriller",Christopher Nolan,"Jonathan Nolan (screenplay), Christopher Nolan (screenplay), Christopher Nolan (story), David S. Goyer (story), Bob Kane (characters)","Christian Bale, Heath Ledger, Aaron Eckhart, Michael Caine","When the menace known as the Joker wreaks havoc and chaos on the people of Gotham, Batman must accept one of the greatest psychological and physical tests of his ability to fight injustice.","English, Mandarin","USA, UK",Won 2 Oscars. Another 156 wins & 163 nominations.,https://m.media-amazon.com/images/M/MV5BMTMxNTMwODM0NF5BMl5BanBnXkFtZTcwODAyMTk2Mw@@._V1_SX300.jpg,"[{'Source': 'Internet Movie Database', 'Value': '9.0/10'}, {'Source': 'Rotten Tomatoes', 'Value': '94%'}, {'Source': 'Metacritic', 'Value': '84/100'}]",84,"2,294,527",movie,N/A,"$534,858,444",Syncopy,N/A,True
63,64,The Marksman,6.2,tt6902332,2021,PG-13,15 Jan 2021,N/A,"Action, Thriller",Robert Lorenz,"Chris Charles, Danny Kravitz, Robert Lorenz (Writer)","Katheryn Winnick, Liam Neeson, Juan Pablo Raba, Teresa Ruiz",A rancher on the Arizona border becomes the unlikely defender of a young Mexican boy desperately fleeing the cartel assassins who've pursued him into the U.S.,English,USA,N/A,https://m.media-amazon.com/images/M/MV5BODdlNThhMTUtNmU1OS00ZjM3LWE1ZjMtOWViN2RhYWRiZTg5XkEyXkFqcGdeQXVyMDA4NzMyOA@@._V1_SX300.jpg,[],N/A,N/A,movie,N/A,N/A,N/A,N/A,True
64,65,The Matrix 4,0.0,tt10838180,2021,N/A,22 Dec 2021,N/A,"Action, Sci-Fi",Lana Wachowski,"Aleksandar Hemon, David Mitchell, Lana Wachowski","Priyanka Chopra, Keanu Reeves, Jessica Henwick, Carrie-Anne Moss",The plot is currently unknown.,English,USA,N/A,https://m.media-amazon.com/images/M/MV5BN2I5NzlmMWYtYjIwYy00Y2ZiLWI0ODgtYjAxNDZiZGJlMjlhXkEyXkFqcGdeQXVyMzk1MDQ2MQ@@._V1_SX300.jpg,[],N/A,N/A,movie,N/A,N/A,N/A,N/A,True
65,66,No Time to Die,0.0,tt2382320,2021,PG-13,08 Oct 2021,163 min,"Action, Adventure, Thriller",Cary Joji Fukunaga,"Neal Purvis (screenplay), Robert Wade (screenplay), Cary Joji Fukunaga (screenplay), Phoebe Waller-Bridge (screenplay), Neal Purvis (story), Robert Wade (story), Cary Joji Fukunaga (story), Ian Fleming (characters)","Ana de Armas, Daniel Craig, Rami Malek, Ralph Fiennes","James Bond has left active service. His peace is short-lived when Felix Leiter, an old friend from the CIA, turns up asking for help, leading Bond onto the trail of a mysterious villain armed with dangerous new technology.",English,"UK, USA",N/A,https://m.media-amazon.com/images/M/MV5BYmQ3MTY4NDUtOWExZi00OGQxLTgzNmQtODI1MTFkZjMyMDY0XkEyXkFqcGdeQXVyODk2NDQ3MTA@._V1_SX300.jpg,[],N/A,N/A,movie,N/A,N/A,United Artists Releasing,N/A,True
66,67,Joker,8.5,tt7286456,2019,R,04 Oct 2019,122 min,"Crime, Drama, Thriller",Todd Phillips,"Todd Phillips, Scott Silver, Bob Kane (based on characters created by), Bill Finger (based on characters created by), Jerry Robinson (based on characters created by)","Joaquin Phoenix, Robert De Niro, Zazie Beetz, Frances Conroy","In Gotham City, mentally troubled comedian Arthur Fleck is disregarded and mistreated by society. He then embarks on a downward spiral of revolution and bloody crime. This path brings him face-to-face with his alter-ego: the Joker.",English,"USA, Canada",Won 2 Oscars. Another 109 wins & 222 nominations.,https://m.media-amazon.com/images/M/MV5BNGVjNWI4ZGUtNzE0MS00YTJmLWE0ZDctN2ZiYTk2YmI3NTYyXkEyXkFqcGdeQXVyMTkxNjUyNQ@@._V1_SX300.jpg,"[{'Source': 'Internet Movie Database', 'Value': '8.5/10'}, {'Source': 'Rotten Tomatoes', 'Value': '68%'}, {'Source': 'Metacritic', 'Value': '59/100'}]",59,"933,955",movie,N/A,"$335,451,311","Bron Studios, Creative Wealth Media Finance, DC Comics",N/A,True
67,68,Palm Springs,7.4,tt9484998,2020,R,10 Jul 2020,90 min,"Comedy, Fantasy, Mystery, Romance",Max Barbakow,Andy Siara (screenplay),"Andy Samberg, Cristin Milioti, J.K. Simmons, Peter Gallagher","When carefree Nyles and reluctant maid of honor Sarah have a chance encounter at a Palm Springs wedding, things get complicated as they are unable to escape the venue, themselves, or each other.",English,"USA, Hong Kong",3 wins & 16 nominations.,https://m.media-amazon.com/images/M/MV5BYjk0MTgzMmQtZmY2My00NmE5LWExNGUtYjZkNTA3ZDkyMTJiXkEyXkFqcGdeQXVyMTkxNjUyNQ@@._V1_SX300.jpg,"[{'Source': 'Internet Movie Database', 'Value': '7.4/10'}, {'Source': 'Metacritic', 'Value': '83/100'}]",83,"69,135",movie,N/A,"$164,000",N/A,N/A,True
68,69,The Batman,0.0,tt1877830,2022,N/A,04 Mar 2022,N/A,"Action, Crime, Drama",Matt Reeves,"Peter Craig, Bill Finger (Batman created by), Bob Kane (Batman created by), Matt Reeves, Mattson Tomlin","Robert Pattinson, Zoë Kravitz, Colin Farrell, Andy Serkis",The plot is unknown.,English,USA,N/A,https://m.media-amazon.com/images/M/MV5BZTE2YTY3YTMtM2FlMS00YmI3LTgyMWUtM2FhMWIyZWRmMDk5XkEyXkFqcGdeQXVyMTkxNjUyNQ@@._V1_SX300.jpg,[],N/A,N/A,movie,N/A,N/A,N/A,N/A,True
69,70,Emma.,6.7,tt9214832,2020,PG,06 Mar 2020,124 min,"Comedy, Drama, Romance",Autumn de Wilde,"Eleanor Catton (screenplay by), Jane Austen (based on the novel by)","Anya Taylor-Joy, Angus Imrie, Letty Thomas, Gemma Whelan","In 1800s England, a well meaning but selfish young woman meddles in the love lives of her friends.",English,UK,1 win & 18 nominations.,https://m.media-amazon.com/images/M/MV5BOGRiODEzM2QtOTUyYi00MWRlLTg4MzMtZGI0YmUzNWUyMjQ0XkEyXkFqcGdeQXVyMDA4NzMyOA@@._V1_SX300.jpg,"[{'Source': 'Internet Movie Database', 'Value': '6.7/10'}, {'Source': 'Metacritic', 'Value': '71/100'}]",71,"28,585",movie,N/A,"$10,055,355",N/A,N/A,True
70,71,Love and Monsters,7.0,tt2222042,2020,PG-13,16 Oct 2020,109 min,"Action, Adventure, Comedy, Fantasy, Sci-Fi",Michael Matthews,"Brian Duffield (screenplay by), Matthew Robinson (screenplay by), Brian Duffield (story by)","Dylan O'Brien, Jessica Henwick, Michael Rooker, Dan Ewing","In a monster-infested world, Joel learns his girlfriend is just 85 miles away. To make the dangerous journey, Joel discovers his inner hero to be with the girl of his dreams.",English,"Canada, USA",2 nominations.,https://m.media-amazon.com/images/M/MV5BYWVkMWEyMDUtZTVmOC00MTYxLWE1ZTUtNjk4M2IzMjY2OTIxXkEyXkFqcGdeQXVyMDk5Mzc5MQ@@._V1_SX300.jpg,"[{'Source': 'Internet Movie Database', 'Value': '7.0/10'}, {'Source': 'Metacritic', 'Value': '59/100'}]",59,"28,167",movie,N/A,"$1,070,714",N/A,N/A,True
71,72,Goodfellas,8.7,tt0099685,1990,R,21 Sep 1990,146 min,"Biography, Crime, Drama",Martin Scorsese,"Nicholas Pileggi (book), Nicholas Pileggi (screenplay), Martin Scorsese (screenplay)","Robert De Niro, Ray Liotta, Joe Pesci, Lorraine Bracco","The story of Henry Hill and his life in the mob, covering his relationship with his wife Karen Hill and his mob partners Jimmy Conway and Tommy DeVito in the Italian-American crime syndicate.","English, Italian",USA,Won 1 Oscar. Another 43 wins & 38 nominations.,https://m.media-amazon.com/images/M/MV5BY2NkZjEzMDgtN2RjYy00YzM1LWI4ZmQtMjIwYjFjNmI3ZGEwXkEyXkFqcGdeQXVyNzkwMjQ5NzM@._V1_SX300.jpg,"[{'Source': 'Internet Movie Database', 'Value': '8.7/10'}, {'Source': 'Rotten Tomatoes', 'Value': '96%'}, {'Source': 'Metacritic', 'Value': '90/100'}]",90,"1,016,441",movie,N/A,"$46,836,214",Warner Brothers,N/A,True
72,73,Ready Player One,7.5,tt1677720,2018,PG-13,29 Mar 2018,140 min,"Action, Adventure, Sci-Fi",Steven Spielberg,"Zak Penn (screenplay by), Ernest Cline (screenplay by), Ernest Cline (based on the novel by)","Tye Sheridan, Olivia Cooke, Ben Mendelsohn, Lena Waithe","When the creator of a virtual reality called the OASIS dies, he makes a posthumous challenge to all OASIS users to find his Easter Egg, which will give the finder his fortune and control of his world.",English,"USA, India",Nominated for 1 Oscar. Another 11 wins & 55 nominations.,https://m.media-amazon.com/images/M/MV5BY2JiYTNmZTctYTQ1OC00YjU4LWEwMjYtZjkwY2Y5MDI0OTU3XkEyXkFqcGdeQXVyNTI4MzE4MDU@._V1_SX300.jpg,"[{'Source': 'Internet Movie Database', 'Value': '7.5/10'}, {'Source': 'Rotten Tomatoes', 'Value': '72%'}, {'Source': 'Metacritic', 'Value': '64/100'}]",64,"367,908",movie,N/A,"$137,690,172","Village Roadshow Pictures, Warner Bros., Amblin Entertainment, De Line Pictures, RatPac-Dune Entertainment",N/A,True
73,74,Red Notice,0.0,tt7991608,2021,N/A,13 Nov 2020,N/A,"Action, Adventure, Comedy, Crime, Thriller",Rawson Marshall Thurber,Rawson Marshall Thurber,"Dwayne Johnson, Ryan Reynolds, Gal Gadot, Ritu Arya",An Interpol agent tracks the world's most wanted art thief.,English,USA,N/A,https://m.media-amazon.com/images/M/MV5BOWQ2MWRiMTItNTk2ZC00MDc1LWI1ZTMtMTBjODU4YmU3YzIzXkEyXkFqcGdeQXVyNzU3NjUxMzE@._V1_SX300.jpg,[],N/A,N/A,movie,N/A,N/A,N/A,N/A,True
74,75,The Suicide Squad,0.0,tt6334354,2021,N/A,06 Aug 2021,N/A,"Action, Adventure, Fantasy, Mystery, Sci-Fi",James Gunn,"James Gunn, John Ostrander (comic book)","Viola Davis, Margot Robbie, Taika Waititi, Alice Braga",Plot is unknown.,English,USA,N/A,https://m.media-amazon.com/images/M/MV5BMzEzNzEyM2EtODM3OC00NWM4LTk3OTEtZjg3YjEzYTM1Zjk2XkEyXkFqcGdeQXVyMTkxNjUyNQ@@._V1_SX300.jpg,[],N/A,N/A,movie,N/A,N/A,N/A,N/A,True
75,76,Star Wars: Episode IX - The Rise of Skywalker,6.6,tt2527338,2019,PG-13,20 Dec 2019,141 min,"Action, Adventure, Fantasy, Sci-Fi",J.J. Abrams,"Chris Terrio (screenplay by), J.J. Abrams (screenplay by), Derek Connolly (story by), Colin Trevorrow (story by), J.J. Abrams (story by), Chris Terrio (story by), George Lucas (based on characters created by)","Carrie Fisher, Mark Hamill, Adam Driver, Daisy Ridley","The surviving members of the resistance face the First Order once again, and the legendary conflict between the Jedi and the Sith reaches its peak bringing the Skywalker saga to its end.",English,USA,Nominated for 3 Oscars. Another 8 wins & 38 nominations.,https://m.media-amazon.com/images/M/MV5BMDljNTQ5ODItZmQwMy00M2ExLTljOTQtZTVjNGE2NTg0NGIxXkEyXkFqcGdeQXVyODkzNTgxMDg@._V1_SX300.jpg,"[{'Source': 'Internet Movie Database', 'Value': '6.6/10'}, {'Source': 'Rotten Tomatoes', 'Value': '51%'}, {'Source': 'Metacritic', 'Value': '53/100'}]",53,"365,356",movie,N/A,"$515,202,542","Bad Robot, Lucasfilm Ltd.",N/A,True
76,77,Instant Family,7.3,tt7401588,2018,PG-13,16 Nov 2018,118 min,"Comedy, Drama",Sean Anders,"Sean Anders, John Morris","Mark Wahlberg, Rose Byrne, Isabela Merced, Gustavo Escobar",A couple find themselves in over their heads when they foster three children.,"English, Spanish",USA,2 wins & 5 nominations.,https://m.media-amazon.com/images/M/MV5BMTkzMzgzMTc1OF5BMl5BanBnXkFtZTgwNjQ4MzE0NjM@._V1_SX300.jpg,"[{'Source': 'Internet Movie Database', 'Value': '7.3/10'}, {'Source': 'Rotten Tomatoes', 'Value': '81%'}, {'Source': 'Metacritic', 'Value': '57/100'}]",57,"86,075",movie,N/A,"$67,363,237",Closest to the Hole,N/A,True
77,78,Ava,5.4,tt8784956,2020,R,25 Sep 2020,96 min,"Action, Crime, Drama, Thriller",Tate Taylor,Matthew Newton,"Jessica Chastain, John Malkovich, Common, Geena Davis","Ava is a deadly assassin who works for a black ops organization, traveling the globe specializing in high profile hits. When a job goes dangerously wrong she is forced to fight for her own survival.","English, French, German",USA,N/A,https://m.media-amazon.com/images/M/MV5BMTMzMTg1MjgtOWNhYy00NmZmLWExOTctMjA2OTZhZDFkNDhhXkEyXkFqcGdeQXVyNzAwMjU2MTY@._V1_SX300.jpg,"[{'Source': 'Internet Movie Database', 'Value': '5.4/10'}, {'Source': 'Metacritic', 'Value': '39/100'}]",39,"37,064",movie,N/A,"$497,747",N/A,N/A,True
78,79,Inception,8.8,tt1375666,2010,PG-13,16 Jul 2010,148 min,"Action, Adventure, Sci-Fi, Thriller",Christopher Nolan,Christopher Nolan,"Leonardo DiCaprio, Joseph Gordon-Levitt, Elliot Page, Tom Hardy",A thief who steals corporate secrets through the use of dream-sharing technology is given the inverse task of planting an idea into the mind of a C.E.O.,"English, Japanese, French","USA, UK",Won 4 Oscars. Another 152 wins & 218 nominations.,https://m.media-amazon.com/images/M/MV5BMjAxMzY3NjcxNF5BMl5BanBnXkFtZTcwNTI5OTM0Mw@@._V1_SX300.jpg,"[{'Source': 'Internet Movie Database', 'Value': '8.8/10'}, {'Source': 'Rotten Tomatoes', 'Value': '87%'}, {'Source': 'Metacritic', 'Value': '74/100'}]",74,"2,058,501",movie,N/A,"$292,576,195","Syncopy, Warner Bros.",N/A,True
79,80,Clue,7.3,tt0088930,1985,PG,13 Dec 1985,94 min,"Comedy, Crime, Mystery, Thriller",Jonathan Lynn,"John Landis (story), Jonathan Lynn (story), Jonathan Lynn (screenplay)","Eileen Brennan, Tim Curry, Madeline Kahn, Christopher Lloyd","Six guests are anonymously invited to a strange mansion for dinner, but after their host is killed, they must cooperate with the staff to identify the murderer as the bodies pile up.","English, French",USA,N/A,https://m.media-amazon.com/images/M/MV5BM2VlNTE1ZmMtOTAyNS00ODYwLWFmY2MtZWEzOTE2YjE1NDE2XkEyXkFqcGdeQXVyNDk3NzU2MTQ@._V1_SX300.jpg,"[{'Source': 'Internet Movie Database', 'Value': '7.3/10'}, {'Source': 'Rotten Tomatoes', 'Value': '65%'}, {'Source': 'Metacritic', 'Value': '39/100'}]",39,"81,859",movie,N/A,"$14,643,997","PolyGram Filmed Entertainment, Guber-Peters Company, Debra Hill Productions",N/A,True
80,81,Blade Runner 2049,8.0,tt1856101,2017,R,06 Oct 2017,164 min,"Action, Drama, Mystery, Sci-Fi, Thriller",Denis Villeneuve,"Hampton Fancher (screenplay by), Michael Green (screenplay by), Hampton Fancher (story by), Philip K. Dick (based on characters from the novel ""Do Androids Dream of Electric Sheep?"" by)","Ryan Gosling, Dave Bautista, Robin Wright, Mark Arnold","Young Blade Runner K's discovery of a long-buried secret leads him to track down former Blade Runner Rick Deckard, who's been missing for thirty years.","English, Finnish, Japanese, Hungarian, Russian, Somali, Spanish","USA, UK, Hungary, Canada, Spain",Won 2 Oscars. Another 96 wins & 157 nominations.,https://m.media-amazon.com/images/M/MV5BNzA1Njg4NzYxOV5BMl5BanBnXkFtZTgwODk5NjU3MzI@._V1_SX300.jpg,"[{'Source': 'Internet Movie Database', 'Value': '8.0/10'}, {'Source': 'Rotten Tomatoes', 'Value': '88%'}, {'Source': 'Metacritic', 'Value': '81/100'}]",81,"458,979",movie,N/A,"$92,054,159","Torridon Films, Scott Free Productions, Bud Yorkin Productions, Alcon Entertainment, 16:14 Entertainment",N/A,True
81,82,The New Mutants,5.3,tt4682266,2020,PG-13,28 Aug 2020,94 min,"Action, Horror, Sci-Fi",Josh Boone,"Josh Boone, Knate Lee","Maisie Williams, Anya Taylor-Joy, Charlie Heaton, Alice Braga","Five young mutants, just discovering their abilities while held in a secret facility against their will, fight to escape their past sins and save themselves.","English, Portuguese, Latin",USA,2 nominations.,https://m.media-amazon.com/images/M/MV5BZDQ2NTdmNDgtMGIwMS00ODE2LTk5M2EtZGZhYzc4MWRlNTU3XkEyXkFqcGdeQXVyNTc4MjczMTM@._V1_SX300.jpg,"[{'Source': 'Internet Movie Database', 'Value': '5.3/10'}, {'Source': 'Rotten Tomatoes', 'Value': '33%'}, {'Source': 'Metacritic', 'Value': '43/100'}]",43,"39,137",movie,N/A,"$23,852,659","20th Century Fox, Donners&#39; Company",N/A,True
82,83,Mad Max: Fury Road,8.1,tt1392190,2015,R,15 May 2015,120 min,"Action, Adventure, Sci-Fi, Thriller",George Miller,"George Miller, Brendan McCarthy, Nick Lathouris","Tom Hardy, Charlize Theron, Nicholas Hoult, Hugh Keays-Byrne","In a post-apocalyptic wasteland, a woman rebels against a tyrannical ruler in search for her homeland with the aid of a group of female prisoners, a psychotic worshiper, and a drifter named Max.","English, Russian","Australia, South Africa, USA",Won 6 Oscars. Another 236 wins & 229 nominations.,https://m.media-amazon.com/images/M/MV5BN2EwM2I5OWMtMGQyMi00Zjg1LWJkNTctZTdjYTA4OGUwZjMyXkEyXkFqcGdeQXVyMTMxODk2OTU@._V1_SX300.jpg,"[{'Source': 'Internet Movie Database', 'Value': '8.1/10'}, {'Source': 'Rotten Tomatoes', 'Value': '97%'}, {'Source': 'Metacritic', 'Value': '90/100'}]",90,"877,293",movie,N/A,"$154,058,340","Kennedy Miller Mitchell, Village Roadshow Pictures, Warner Bros. Pictures",N/A,True
83,84,Jumanji: Level One,6.2,tt13249100,2021,N/A,20 Jan 2021,N/A,"Action, Adventure, Family",Lance Kawas,Dylan Sides,"Aqeel Ash-Shakoor, Aaron Matthew Atkisson, Roe Dayzon, Adam DeFilippi","Takes place in 1869, before the events of the original movie. It will finally reveal how the cursed game came to be and the adventures of the first people who played Jumanji.",English,USA,N/A,https://m.media-amazon.com/images/M/MV5BMWI0ZTM3ZmEtNmY2OS00NGFhLWFjYmYtMmNkMjMxNzBiZGIwXkEyXkFqcGdeQXVyMjI1MTU4OTM@._V1_SX300.jpg,"[{'Source': 'Internet Movie Database', 'Value': '6.1/10'}]",N/A,69,movie,N/A,N/A,N/A,N/A,True
84,85,Honest Thief,6.0,tt1838556,2020,PG-13,16 Oct 2020,99 min,"Action, Crime, Drama, Thriller",Mark Williams,"Steve Allrich, Mark Williams, Steve Allrich (story by), Mark Williams (story by)","Liam Neeson, Kate Walsh, Jai Courtney, Jeffrey Donovan","Wanting to lead an honest life, a notorious bank robber turns himself in, only to be double-crossed by two ruthless FBI agents.","English, Spanish",USA,N/A,https://m.media-amazon.com/images/M/MV5BZjEwNjYyMTMtODc5Yi00NTg5LTkwMzAtZTkyOTcyNTFkMGIyXkEyXkFqcGdeQXVyMDA4NzMyOA@@._V1_SX300.jpg,"[{'Source': 'Internet Movie Database', 'Value': '6.0/10'}, {'Source': 'Metacritic', 'Value': '46/100'}]",46,"19,577",movie,N/A,"$14,163,574",N/A,N/A,True
85,86,Charming,5.6,tt4086018,2018,TV-Y7,08 Jan 2021,85 min,"Animation, Adventure, Comedy, Family, Fantasy, Musical",Ross Venokur,Ross Venokur,"Demi Lovato, Wilmer Valderrama, Sia, Nia Vardalos","Three fairy tale princesses find themselves engaged to the same guy, Prince Charming.",English,"Canada, USA, Cayman Islands",N/A,https://m.media-amazon.com/images/M/MV5BYjUwNTFiNjctZDE0NS00YmNmLWI3NTctNGY4MTRhZWVhNGI1XkEyXkFqcGdeQXVyNzYxNDg0NTg@._V1_SX300.jpg,"[{'Source': 'Internet Movie Database', 'Value': '5.6/10'}, {'Source': 'Rotten Tomatoes', 'Value': '24%'}]",N/A,"2,476",movie,N/A,N/A,Vanguard Animation,N/A,True
86,87,Pulp Fiction,8.9,tt0110912,1994,R,14 Oct 1994,154 min,"Crime, Drama",Quentin Tarantino,"Quentin Tarantino (stories), Roger Avary (stories), Quentin Tarantino","Tim Roth, Amanda Plummer, Laura Lovelace, John Travolta","The lives of two mob hitmen, a boxer, a gangster and his wife, and a pair of diner bandits intertwine in four tales of violence and redemption.","English, Spanish, French",USA,Won 1 Oscar. Another 69 wins & 75 nominations.,https://m.media-amazon.com/images/M/MV5BNGNhMDIzZTUtNTBlZi00MTRlLWFjM2ItYzViMjE3YzI5MjljXkEyXkFqcGdeQXVyNzkwMjQ5NzM@._V1_SX300.jpg,"[{'Source': 'Internet Movie Database', 'Value': '8.9/10'}, {'Source': 'Rotten Tomatoes', 'Value': '92%'}, {'Source': 'Metacritic', 'Value': '94/100'}]",94,"1,819,518",movie,N/A,"$107,928,762","Miramax Films, A Band Apart, Jersey Films",N/A,True
87,88,Batman: Soul of the Dragon,5.9,tt12885852,2021,R,12 Jan 2021,83 min,"Animation, Action, Adventure, Crime",Sam Liu,Jeremy Adams (script),"David Giuntoli, Mark Dacascos, Kelly Hu, Michael Jai White","In the 1970s, a missing teacher of martial arts is the subject of a quest by his devoted and brilliant but distant students, who include Batman.",English,USA,N/A,https://m.media-amazon.com/images/M/MV5BMmQ0MDNmYTItMjcyOS00MDc1LTljMTItOTNmNmVlMTA3NmRiXkEyXkFqcGdeQXVyMTEyNzgwMDUw._V1_SX300.jpg,"[{'Source': 'Internet Movie Database', 'Value': '5.9/10'}]",N/A,"1,230",movie,N/A,N/A,N/A,N/A,True
88,89,Enola Holmes,6.6,tt7846844,2020,PG-13,23 Sep 2020,123 min,"Action, Adventure, Crime, Drama, Mystery",Harry Bradbeer,"Jack Thorne (screenplay by), Nancy Springer (based upon the book ""The Case of the Missing Marquess: An Enola Holmes Mystery"" by)","Millie Bobby Brown, Henry Cavill, Sam Claflin, Helena Bonham Carter","When Enola Holmes-Sherlock's teen sister-discovers her mother missing, she sets off to find her, becoming a super-sleuth in her own right as she outwits her famous brother and unravels a dangerous conspiracy around a mysterious young Lord.",English,UK,N/A,https://m.media-amazon.com/images/M/MV5BZjNkNzk0ZjEtM2M1ZC00MmMxLTlmOWEtNWRlZTc1ZTUyNzY4XkEyXkFqcGdeQXVyMTEyMjM2NDc2._V1_SX300.jpg,"[{'Source': 'Internet Movie Database', 'Value': '6.6/10'}, {'Source': 'Metacritic', 'Value': '68/100'}]",68,"113,826",movie,N/A,N/A,N/A,N/A,True
89,90,The Departed,8.5,tt0407887,2006,R,06 Oct 2006,151 min,"Crime, Drama, Thriller",Martin Scorsese,"William Monahan (screenplay), Alan Mak, Felix Chong","Leonardo DiCaprio, Matt Damon, Jack Nicholson, Mark Wahlberg",An undercover cop and a mole in the police attempt to identify each other while infiltrating an Irish gang in South Boston.,"English, Cantonese","USA, Hong Kong",Won 4 Oscars. Another 94 wins & 140 nominations.,https://m.media-amazon.com/images/M/MV5BMTI1MTY2OTIxNV5BMl5BanBnXkFtZTYwNjQ4NjY3._V1_SX300.jpg,"[{'Source': 'Internet Movie Database', 'Value': '8.5/10'}, {'Source': 'Rotten Tomatoes', 'Value': '91%'}, {'Source': 'Metacritic', 'Value': '85/100'}]",85,"1,187,076",movie,N/A,"$132,384,315","Plan B Entertainment, Warner Bros., Initial Entertainment Group, Vertigo",N/A,True
90,91,Jojo Rabbit,7.9,tt2584384,2019,PG-13,08 Nov 2019,108 min,"Comedy, Drama, War",Taika Waititi,"Christine Leunens (based upon the book 'Caging Skies' by), Taika Waititi (screenplay by)","Roman Griffin Davis, Thomasin McKenzie, Scarlett Johansson, Taika Waititi",A young boy in Hitler's army finds out his mother is hiding a Jewish girl in their home.,"English, German","New Zealand, Czech Republic, USA",Won 1 Oscar. Another 35 wins & 151 nominations.,https://m.media-amazon.com/images/M/MV5BZjU0Yzk2MzEtMjAzYy00MzY0LTg2YmItM2RkNzdkY2ZhN2JkXkEyXkFqcGdeQXVyNDg4NjY5OTQ@._V1_SX300.jpg,"[{'Source': 'Internet Movie Database', 'Value': '7.9/10'}, {'Source': 'Rotten Tomatoes', 'Value': '80%'}, {'Source': 'Metacritic', 'Value': '58/100'}]",58,"291,893",movie,N/A,"$33,370,906",Unison Films,N/A,True
91,92,Tag,6.5,tt2854926,2018,R,15 Jun 2018,100 min,"Action, Comedy",Jeff Tomsic,"Rob McKittrick (screenplay by), Mark Steilen (screenplay by), Mark Steilen (screen story by), Russell Adams (based on the Wall Street Journal article entitled ""It Takes Planning,  Caution to Avoid Being It"" by)","Ed Helms, Lil Rel Howery, Jon Hamm, Annabelle Wallis","A small group of former classmates organize an elaborate, annual game of tag that requires some to travel all over the country.","English, Spanish",USA,2 nominations.,https://m.media-amazon.com/images/M/MV5BNzk4NDM3NjkwNF5BMl5BanBnXkFtZTgwNTk5MzkzNTM@._V1_SX300.jpg,"[{'Source': 'Internet Movie Database', 'Value': '6.5/10'}, {'Source': 'Rotten Tomatoes', 'Value': '56%'}, {'Source': 'Metacritic', 'Value': '56/100'}]",56,"113,918",movie,N/A,"$54,730,625",Broken Road,N/A,True
92,93,The Matrix,8.7,tt0133093,1999,R,31 Mar 1999,136 min,"Action, Sci-Fi","Lana Wachowski, Lilly Wachowski","Lilly Wachowski, Lana Wachowski","Keanu Reeves, Laurence Fishburne, Carrie-Anne Moss, Hugo Weaving","When a beautiful stranger leads computer hacker Neo to a forbidding underworld, he discovers the shocking truth--the life he knows is the elaborate deception of an evil cyber-intelligence.",English,USA,Won 4 Oscars. Another 37 wins & 51 nominations.,https://m.media-amazon.com/images/M/MV5BNzQzOTk3OTAtNDQ0Zi00ZTVkLWI0MTEtMDllZjNkYzNjNTc4L2ltYWdlXkEyXkFqcGdeQXVyNjU0OTQ0OTY@._V1_SX300.jpg,"[{'Source': 'Internet Movie Database', 'Value': '8.7/10'}, {'Source': 'Rotten Tomatoes', 'Value': '88%'}, {'Source': 'Metacritic', 'Value': '73/100'}]",73,"1,673,625",movie,N/A,"$171,479,930","Village Roadshow Prod., Silver Pictures",N/A,True
93,94,Inglourious Basterds,8.3,tt0361748,2009,R,21 Aug 2009,153 min,"Adventure, Drama, War",Quentin Tarantino,Quentin Tarantino,"Brad Pitt, Mélanie Laurent, Christoph Waltz, Eli Roth","In Nazi-occupied France during World War II, a plan to assassinate Nazi leaders by a group of Jewish U.S. soldiers coincides with a theatre owner's vengeful plans for the same.","English, German, French, Italian","USA, Germany",Won 1 Oscar. Another 132 wins & 172 nominations.,https://m.media-amazon.com/images/M/MV5BOTJiNDEzOWYtMTVjOC00ZjlmLWE0NGMtZmE1OWVmZDQ2OWJhXkEyXkFqcGdeQXVyNTIzOTk5ODM@._V1_SX300.jpg,"[{'Source': 'Internet Movie Database', 'Value': '8.3/10'}, {'Source': 'Rotten Tomatoes', 'Value': '89%'}, {'Source': 'Metacritic', 'Value': '69/100'}]",69,"1,261,530",movie,N/A,"$120,540,719","A Band Apart, Zehnte Babelsberg",N/A,True
94,95,The Many Saints of Newark,0.0,tt8110232,2021,R,12 Mar 2021,N/A,"Crime, Drama",Alan Taylor,"Lawrence Konner, David Chase","Alessandro Nivola, Jon Bernthal, Vera Farmiga, Billy Magnussen","A look at the formative years of New Jersey gangster, Tony Soprano.",English,USA,N/A,https://m.media-amazon.com/images/M/MV5BMjYyYTNhMzktNDIwMi00NWFlLWFkMjQtY2RkZjEyNjVkYmMzXkEyXkFqcGdeQXVyODg3NzA4NTA@._V1_SX300.jpg,[],N/A,N/A,movie,N/A,N/A,N/A,N/A,True
95,96,Forrest Gump,8.8,tt0109830,1994,PG-13,06 Jul 1994,142 min,"Drama, Romance",Robert Zemeckis,"Winston Groom (novel), Eric Roth (screenplay)","Tom Hanks, Rebecca Williams, Sally Field, Michael Conner Humphreys","The presidencies of Kennedy and Johnson, the events of Vietnam, Watergate and other historical events unfold through the perspective of an Alabama man with an IQ of 75, whose only desire is to be reunited with his childhood sweetheart.",English,USA,Won 6 Oscars. Another 44 wins & 75 nominations.,https://m.media-amazon.com/images/M/MV5BNWIwODRlZTUtY2U3ZS00Yzg1LWJhNzYtMmZiYmEyNmU1NjMzXkEyXkFqcGdeQXVyMTQxNzMzNDI@._V1_SX300.jpg,"[{'Source': 'Internet Movie Database', 'Value': '8.8/10'}, {'Source': 'Rotten Tomatoes', 'Value': '71%'}, {'Source': 'Metacritic', 'Value': '82/100'}]",82,"1,801,266",movie,N/A,"$330,455,270",Paramount Pictures,N/A,True
96,97,The Witch,6.9,tt4263482,2015,R,19 Feb 2016,92 min,"Drama, Horror, Mystery",Robert Eggers,Robert Eggers,"Anya Taylor-Joy, Ralph Ineson, Kate Dickie, Harvey Scrimshaw","A family in 1630s New England is torn apart by the forces of witchcraft, black magic, and possession.",English,"Canada, USA",43 wins & 68 nominations.,https://m.media-amazon.com/images/M/MV5BMTUyNzkwMzAxOF5BMl5BanBnXkFtZTgwMzc1OTk1NjE@._V1_SX300.jpg,"[{'Source': 'Internet Movie Database', 'Value': '6.9/10'}, {'Source': 'Rotten Tomatoes', 'Value': '90%'}, {'Source': 'Metacritic', 'Value': '83/100'}]",83,"201,120",movie,N/A,"$25,138,705",N/A,N/A,True
97,98,Avengers: Infinity War,8.4,tt4154756,2018,PG-13,27 Apr 2018,149 min,"Action, Adventure, Sci-Fi","Anthony Russo, Joe Russo","Christopher Markus (screenplay by), Stephen McFeely (screenplay by), Stan Lee (based on the Marvel comics by), Jack Kirby (based on the Marvel comics by), Joe Simon (Captain America created by), Jack Kirby (Captain America created by), Steve Englehart (Star-Lord created by), Steve Gan (Star-Lord created by), Bill Mantlo (Rocket Raccoon created by), Keith Giffen (Rocket Raccoon created by), Jim Starlin (Thanos,  Gamora and Drax created by), Stan Lee (Groot created by), Larry Lieber (Groot created by), Jack Kirby (Groot created by), Steve Englehart (Mantis created by), Don Heck (Mantis created by)","Robert Downey Jr., Chris Hemsworth, Mark Ruffalo, Chris Evans",The Avengers and their allies must be willing to sacrifice all in an attempt to defeat the powerful Thanos before his blitz of devastation and ruin puts an end to the universe.,English,USA,Nominated for 1 Oscar. Another 46 wins & 75 nominations.,https://m.media-amazon.com/images/M/MV5BMjMxNjY2MDU1OV5BMl5BanBnXkFtZTgwNzY1MTUwNTM@._V1_SX300.jpg,"[{'Source': 'Internet Movie Database', 'Value': '8.4/10'}, {'Source': 'Rotten Tomatoes', 'Value': '85%'}, {'Source': 'Metacritic', 'Value': '68/100'}]",68,"828,791",movie,N/A,"$678,815,482",Marvel Studios,N/A,True
98,99,Don't Tell a Soul,5.9,tt8046498,2020,R,15 Jan 2021,N/A,"Drama, Thriller",Alex McAulay,Alex McAulay,"Fionn Whitehead, Jack Dylan Grazer, Mena Suvari, Rainn Wilson","Two thieving teenage brothers, stealing money to help their sick mom, match wits with a troubled security guard stuck at the bottom of a forgotten well.",English,USA,N/A,https://m.media-amazon.com/images/M/MV5BZmIzOWFhYTAtMDZmYy00MWEyLWI2YWYtNmJhYWZjYWE0YmI1XkEyXkFqcGdeQXVyOTg4MDYyNw@@._V1_SX300.jpg,"[{'Source': 'Internet Movie Database', 'Value': '7.9/10'}]",N/A,55,movie,N/A,N/A,N/A,N/A,True
99,100,Call Me by Your Name,7.9,tt5726616,2017,R,19 Jan 2018,132 min,"Drama, Romance",Luca Guadagnino,"James Ivory (screenplay by), André Aciman (based on the novel by)","Armie Hammer, Timothée Chalamet, Michael Stuhlbarg, Amira Casar","In 1980s Italy, romance blossoms between a seventeen-year-old student and the older man hired as his father's research assistant.","English, Italian, French, German, Hebrew","Italy, France, USA, Brazil",Won 1 Oscar. Another 96 wins & 249 nominations.,https://m.media-amazon.com/images/M/MV5BNDk3NTEwNjc0MV5BMl5BanBnXkFtZTgwNzYxNTMwMzI@._V1_SX300.jpg,"[{'Source': 'Internet Movie Database', 'Value': '7.9/10'}, {'Source': 'Rotten Tomatoes', 'Value': '94%'}, {'Source': 'Metacritic', 'Value': '93/100'}]",93,"211,375",movie,N/A,"$18,095,701","RT Features, La Cinéfacture, Frenesy Film",N/A,True
